Headline,Subheadline,Sentiment
Tech giants report record profits 1,Apple and Microsoft lead the charge with strong quarterly earnings.,Positive
Tech sector faces mass layoffs 1,Hundreds of employees lose jobs amid economic slowdown.,Negative
Central bank keeps interest rates unchanged 1,Officials emphasize the need for a balanced economic approach.,Neutral
Stock market rallies after Fed announcement 2,Investors react positively to signals of steady interest rates.,Positive
Stock market plunges amid global recession fears 2,Investors rush to safe assets as uncertainty grows.,Negative
Stock market opens flat as investors assess outlook 2,Market movements remain subdued amid mixed economic signals.,Neutral
Mutual funds deliver double-digit returns 3,Equity funds outperform as markets gain momentum.,Positive
Mutual fund withdrawals hit record highs 3,Market volatility drives investors to pull their money out.,Negative
Mutual funds adjust strategies amid volatility 3,Fund managers rebalance portfolios in response to market shifts.,Neutral
Fintech startups disrupt traditional banking 4,Innovative solutions attract millions in new investments.,Positive
Major bank hit by data breach 4,Millions of customer records exposed in cybersecurity attack.,Negative
New regulations for cryptocurrency trading announced 4,Authorities seek to bring more stability to digital asset markets.,Neutral
Cryptocurrency adoption grows worldwide 5,More businesses start accepting Bitcoin and Ethereum payments.,Positive
Cryptocurrency market crashes 5,Bitcoin and Ethereum lose over 20% of their value overnight.,Negative
Tech industry sees mixed earnings results 5,Some companies report strong growth while others face challenges.,Neutral
Economy rebounds faster than expected 6,"GDP growth surpasses analyst forecasts, boosting investor morale.",Positive
Economy slows as inflation persists 6,High consumer prices weigh on household spending and growth.,Negative
Economists debate future inflation trends 6,Analysts remain divided on whether price pressures will ease.,Neutral
AI-powered trading gains popularity 7,Machine learning models outperform human traders in stock picking.,Positive
Interest rate hikes trigger housing market slump 7,"Mortgage rates soar, making homeownership unaffordable.",Negative
Financial institutions test new digital payment systems 7,Banks explore blockchain-based solutions for faster transactions.,Neutral
Central bank signals stable monetary policy 8,Steady interest rates boost investor confidence in long-term growth.,Positive
Tech IPOs struggle in weak market 8,Newly listed companies face declining stock prices.,Negative
Government proposes tax reforms for investors 8,New policies aim to attract more participation in capital markets.,Neutral
Green energy stocks soar 9,Investors shift focus to sustainable and renewable energy companies.,Positive
Bankruptcy filings surge among small businesses 9,Economic challenges force thousands of companies to shut down.,Negative
Stock analysts revise market predictions 9,Outlook changes as new economic data becomes available.,Neutral
Strong job market fuels economic optimism 10,Unemployment rates hit historic lows as hiring surges.,Positive
Global chip shortage disrupts supply chains 10,Electronics and automotive industries face production delays.,Negative
Mutual fund investors adopt cautious approach 10,Market uncertainty leads to increased preference for safe assets.,Neutral
Tech giants report record profits 11,Apple and Microsoft lead the charge with strong quarterly earnings.,Positive
Tech sector faces mass layoffs 11,Hundreds of employees lose jobs amid economic slowdown.,Negative
Central bank keeps interest rates unchanged 11,Officials emphasize the need for a balanced economic approach.,Neutral
Stock market rallies after Fed announcement 12,Investors react positively to signals of steady interest rates.,Positive
Stock market plunges amid global recession fears 12,Investors rush to safe assets as uncertainty grows.,Negative
Stock market opens flat as investors assess outlook 12,Market movements remain subdued amid mixed economic signals.,Neutral
Mutual funds deliver double-digit returns 13,Equity funds outperform as markets gain momentum.,Positive
Mutual fund withdrawals hit record highs 13,Market volatility drives investors to pull their money out.,Negative
Mutual funds adjust strategies amid volatility 13,Fund managers rebalance portfolios in response to market shifts.,Neutral
Fintech startups disrupt traditional banking 14,Innovative solutions attract millions in new investments.,Positive
Major bank hit by data breach 14,Millions of customer records exposed in cybersecurity attack.,Negative
New regulations for cryptocurrency trading announced 14,Authorities seek to bring more stability to digital asset markets.,Neutral
Cryptocurrency adoption grows worldwide 15,More businesses start accepting Bitcoin and Ethereum payments.,Positive
Cryptocurrency market crashes 15,Bitcoin and Ethereum lose over 20% of their value overnight.,Negative
Tech industry sees mixed earnings results 15,Some companies report strong growth while others face challenges.,Neutral
Economy rebounds faster than expected 16,"GDP growth surpasses analyst forecasts, boosting investor morale.",Positive
Economy slows as inflation persists 16,High consumer prices weigh on household spending and growth.,Negative
Economists debate future inflation trends 16,Analysts remain divided on whether price pressures will ease.,Neutral
AI-powered trading gains popularity 17,Machine learning models outperform human traders in stock picking.,Positive
Interest rate hikes trigger housing market slump 17,"Mortgage rates soar, making homeownership unaffordable.",Negative
Financial institutions test new digital payment systems 17,Banks explore blockchain-based solutions for faster transactions.,Neutral
Central bank signals stable monetary policy 18,Steady interest rates boost investor confidence in long-term growth.,Positive
Tech IPOs struggle in weak market 18,Newly listed companies face declining stock prices.,Negative
Government proposes tax reforms for investors 18,New policies aim to attract more participation in capital markets.,Neutral
Green energy stocks soar 19,Investors shift focus to sustainable and renewable energy companies.,Positive
Bankruptcy filings surge among small businesses 19,Economic challenges force thousands of companies to shut down.,Negative
Stock analysts revise market predictions 19,Outlook changes as new economic data becomes available.,Neutral
Strong job market fuels economic optimism 20,Unemployment rates hit historic lows as hiring surges.,Positive
Global chip shortage disrupts supply chains 20,Electronics and automotive industries face production delays.,Negative
Mutual fund investors adopt cautious approach 20,Market uncertainty leads to increased preference for safe assets.,Neutral
Tech giants report record profits 21,Apple and Microsoft lead the charge with strong quarterly earnings.,Positive
Tech sector faces mass layoffs 21,Hundreds of employees lose jobs amid economic slowdown.,Negative
Central bank keeps interest rates unchanged 21,Officials emphasize the need for a balanced economic approach.,Neutral
Stock market rallies after Fed announcement 22,Investors react positively to signals of steady interest rates.,Positive
Stock market plunges amid global recession fears 22,Investors rush to safe assets as uncertainty grows.,Negative
Stock market opens flat as investors assess outlook 22,Market movements remain subdued amid mixed economic signals.,Neutral
Mutual funds deliver double-digit returns 23,Equity funds outperform as markets gain momentum.,Positive
Mutual fund withdrawals hit record highs 23,Market volatility drives investors to pull their money out.,Negative
Mutual funds adjust strategies amid volatility 23,Fund managers rebalance portfolios in response to market shifts.,Neutral
Fintech startups disrupt traditional banking 24,Innovative solutions attract millions in new investments.,Positive
Major bank hit by data breach 24,Millions of customer records exposed in cybersecurity attack.,Negative
New regulations for cryptocurrency trading announced 24,Authorities seek to bring more stability to digital asset markets.,Neutral
Cryptocurrency adoption grows worldwide 25,More businesses start accepting Bitcoin and Ethereum payments.,Positive
Cryptocurrency market crashes 25,Bitcoin and Ethereum lose over 20% of their value overnight.,Negative
Tech industry sees mixed earnings results 25,Some companies report strong growth while others face challenges.,Neutral
Economy rebounds faster than expected 26,"GDP growth surpasses analyst forecasts, boosting investor morale.",Positive
Economy slows as inflation persists 26,High consumer prices weigh on household spending and growth.,Negative
Economists debate future inflation trends 26,Analysts remain divided on whether price pressures will ease.,Neutral
AI-powered trading gains popularity 27,Machine learning models outperform human traders in stock picking.,Positive
Interest rate hikes trigger housing market slump 27,"Mortgage rates soar, making homeownership unaffordable.",Negative
Financial institutions test new digital payment systems 27,Banks explore blockchain-based solutions for faster transactions.,Neutral
Central bank signals stable monetary policy 28,Steady interest rates boost investor confidence in long-term growth.,Positive
Tech IPOs struggle in weak market 28,Newly listed companies face declining stock prices.,Negative
Government proposes tax reforms for investors 28,New policies aim to attract more participation in capital markets.,Neutral
Green energy stocks soar 29,Investors shift focus to sustainable and renewable energy companies.,Positive
Bankruptcy filings surge among small businesses 29,Economic challenges force thousands of companies to shut down.,Negative
Stock analysts revise market predictions 29,Outlook changes as new economic data becomes available.,Neutral
Strong job market fuels economic optimism 30,Unemployment rates hit historic lows as hiring surges.,Positive
Global chip shortage disrupts supply chains 30,Electronics and automotive industries face production delays.,Negative
Mutual fund investors adopt cautious approach 30,Market uncertainty leads to increased preference for safe assets.,Neutral
Tech giants report record profits 31,Apple and Microsoft lead the charge with strong quarterly earnings.,Positive
Tech sector faces mass layoffs 31,Hundreds of employees lose jobs amid economic slowdown.,Negative
Central bank keeps interest rates unchanged 31,Officials emphasize the need for a balanced economic approach.,Neutral
Stock market rallies after Fed announcement 32,Investors react positively to signals of steady interest rates.,Positive
Stock market plunges amid global recession fears 32,Investors rush to safe assets as uncertainty grows.,Negative
Stock market opens flat as investors assess outlook 32,Market movements remain subdued amid mixed economic signals.,Neutral
Mutual funds deliver double-digit returns 33,Equity funds outperform as markets gain momentum.,Positive
Mutual fund withdrawals hit record highs 33,Market volatility drives investors to pull their money out.,Negative
Mutual funds adjust strategies amid volatility 33,Fund managers rebalance portfolios in response to market shifts.,Neutral
Fintech startups disrupt traditional banking 34,Innovative solutions attract millions in new investments.,Positive
Major bank hit by data breach 34,Millions of customer records exposed in cybersecurity attack.,Negative
New regulations for cryptocurrency trading announced 34,Authorities seek to bring more stability to digital asset markets.,Neutral
Cryptocurrency adoption grows worldwide 35,More businesses start accepting Bitcoin and Ethereum payments.,Positive
Cryptocurrency market crashes 35,Bitcoin and Ethereum lose over 20% of their value overnight.,Negative
Tech industry sees mixed earnings results 35,Some companies report strong growth while others face challenges.,Neutral
Economy rebounds faster than expected 36,"GDP growth surpasses analyst forecasts, boosting investor morale.",Positive
Economy slows as inflation persists 36,High consumer prices weigh on household spending and growth.,Negative
Economists debate future inflation trends 36,Analysts remain divided on whether price pressures will ease.,Neutral
AI-powered trading gains popularity 37,Machine learning models outperform human traders in stock picking.,Positive
Interest rate hikes trigger housing market slump 37,"Mortgage rates soar, making homeownership unaffordable.",Negative
Financial institutions test new digital payment systems 37,Banks explore blockchain-based solutions for faster transactions.,Neutral
Central bank signals stable monetary policy 38,Steady interest rates boost investor confidence in long-term growth.,Positive
Tech IPOs struggle in weak market 38,Newly listed companies face declining stock prices.,Negative
Government proposes tax reforms for investors 38,New policies aim to attract more participation in capital markets.,Neutral
Green energy stocks soar 39,Investors shift focus to sustainable and renewable energy companies.,Positive
Bankruptcy filings surge among small businesses 39,Economic challenges force thousands of companies to shut down.,Negative
Stock analysts revise market predictions 39,Outlook changes as new economic data becomes available.,Neutral
Strong job market fuels economic optimism 40,Unemployment rates hit historic lows as hiring surges.,Positive
Global chip shortage disrupts supply chains 40,Electronics and automotive industries face production delays.,Negative
Mutual fund investors adopt cautious approach 40,Market uncertainty leads to increased preference for safe assets.,Neutral
Tech giants report record profits 41,Apple and Microsoft lead the charge with strong quarterly earnings.,Positive
Tech sector faces mass layoffs 41,Hundreds of employees lose jobs amid economic slowdown.,Negative
Central bank keeps interest rates unchanged 41,Officials emphasize the need for a balanced economic approach.,Neutral
Stock market rallies after Fed announcement 42,Investors react positively to signals of steady interest rates.,Positive
Stock market plunges amid global recession fears 42,Investors rush to safe assets as uncertainty grows.,Negative
Stock market opens flat as investors assess outlook 42,Market movements remain subdued amid mixed economic signals.,Neutral
Mutual funds deliver double-digit returns 43,Equity funds outperform as markets gain momentum.,Positive
Mutual fund withdrawals hit record highs 43,Market volatility drives investors to pull their money out.,Negative
Mutual funds adjust strategies amid volatility 43,Fund managers rebalance portfolios in response to market shifts.,Neutral
Fintech startups disrupt traditional banking 44,Innovative solutions attract millions in new investments.,Positive
Major bank hit by data breach 44,Millions of customer records exposed in cybersecurity attack.,Negative
New regulations for cryptocurrency trading announced 44,Authorities seek to bring more stability to digital asset markets.,Neutral
Cryptocurrency adoption grows worldwide 45,More businesses start accepting Bitcoin and Ethereum payments.,Positive
Cryptocurrency market crashes 45,Bitcoin and Ethereum lose over 20% of their value overnight.,Negative
Tech industry sees mixed earnings results 45,Some companies report strong growth while others face challenges.,Neutral
Economy rebounds faster than expected 46,"GDP growth surpasses analyst forecasts, boosting investor morale.",Positive
Economy slows as inflation persists 46,High consumer prices weigh on household spending and growth.,Negative
Economists debate future inflation trends 46,Analysts remain divided on whether price pressures will ease.,Neutral
AI-powered trading gains popularity 47,Machine learning models outperform human traders in stock picking.,Positive
Interest rate hikes trigger housing market slump 47,"Mortgage rates soar, making homeownership unaffordable.",Negative
Financial institutions test new digital payment systems 47,Banks explore blockchain-based solutions for faster transactions.,Neutral
Central bank signals stable monetary policy 48,Steady interest rates boost investor confidence in long-term growth.,Positive
Tech IPOs struggle in weak market 48,Newly listed companies face declining stock prices.,Negative
Government proposes tax reforms for investors 48,New policies aim to attract more participation in capital markets.,Neutral
Green energy stocks soar 49,Investors shift focus to sustainable and renewable energy companies.,Positive
Bankruptcy filings surge among small businesses 49,Economic challenges force thousands of companies to shut down.,Negative
Stock analysts revise market predictions 49,Outlook changes as new economic data becomes available.,Neutral
Strong job market fuels economic optimism 50,Unemployment rates hit historic lows as hiring surges.,Positive
Global chip shortage disrupts supply chains 50,Electronics and automotive industries face production delays.,Negative
Mutual fund investors adopt cautious approach 50,Market uncertainty leads to increased preference for safe assets.,Neutral
Tech giants report record profits 51,Apple and Microsoft lead the charge with strong quarterly earnings.,Positive
Tech sector faces mass layoffs 51,Hundreds of employees lose jobs amid economic slowdown.,Negative
Central bank keeps interest rates unchanged 51,Officials emphasize the need for a balanced economic approach.,Neutral
Stock market rallies after Fed announcement 52,Investors react positively to signals of steady interest rates.,Positive
Stock market plunges amid global recession fears 52,Investors rush to safe assets as uncertainty grows.,Negative
Stock market opens flat as investors assess outlook 52,Market movements remain subdued amid mixed economic signals.,Neutral
Mutual funds deliver double-digit returns 53,Equity funds outperform as markets gain momentum.,Positive
Mutual fund withdrawals hit record highs 53,Market volatility drives investors to pull their money out.,Negative
Mutual funds adjust strategies amid volatility 53,Fund managers rebalance portfolios in response to market shifts.,Neutral
Fintech startups disrupt traditional banking 54,Innovative solutions attract millions in new investments.,Positive
Major bank hit by data breach 54,Millions of customer records exposed in cybersecurity attack.,Negative
New regulations for cryptocurrency trading announced 54,Authorities seek to bring more stability to digital asset markets.,Neutral
Cryptocurrency adoption grows worldwide 55,More businesses start accepting Bitcoin and Ethereum payments.,Positive
Cryptocurrency market crashes 55,Bitcoin and Ethereum lose over 20% of their value overnight.,Negative
Tech industry sees mixed earnings results 55,Some companies report strong growth while others face challenges.,Neutral
Economy rebounds faster than expected 56,"GDP growth surpasses analyst forecasts, boosting investor morale.",Positive
Economy slows as inflation persists 56,High consumer prices weigh on household spending and growth.,Negative
Economists debate future inflation trends 56,Analysts remain divided on whether price pressures will ease.,Neutral
AI-powered trading gains popularity 57,Machine learning models outperform human traders in stock picking.,Positive
Interest rate hikes trigger housing market slump 57,"Mortgage rates soar, making homeownership unaffordable.",Negative
Financial institutions test new digital payment systems 57,Banks explore blockchain-based solutions for faster transactions.,Neutral
Central bank signals stable monetary policy 58,Steady interest rates boost investor confidence in long-term growth.,Positive
Tech IPOs struggle in weak market 58,Newly listed companies face declining stock prices.,Negative
Government proposes tax reforms for investors 58,New policies aim to attract more participation in capital markets.,Neutral
Green energy stocks soar 59,Investors shift focus to sustainable and renewable energy companies.,Positive
Bankruptcy filings surge among small businesses 59,Economic challenges force thousands of companies to shut down.,Negative
Stock analysts revise market predictions 59,Outlook changes as new economic data becomes available.,Neutral
Strong job market fuels economic optimism 60,Unemployment rates hit historic lows as hiring surges.,Positive
Global chip shortage disrupts supply chains 60,Electronics and automotive industries face production delays.,Negative
Mutual fund investors adopt cautious approach 60,Market uncertainty leads to increased preference for safe assets.,Neutral
Tech giants report record profits 61,Apple and Microsoft lead the charge with strong quarterly earnings.,Positive
Tech sector faces mass layoffs 61,Hundreds of employees lose jobs amid economic slowdown.,Negative
Central bank keeps interest rates unchanged 61,Officials emphasize the need for a balanced economic approach.,Neutral
Stock market rallies after Fed announcement 62,Investors react positively to signals of steady interest rates.,Positive
Stock market plunges amid global recession fears 62,Investors rush to safe assets as uncertainty grows.,Negative
Stock market opens flat as investors assess outlook 62,Market movements remain subdued amid mixed economic signals.,Neutral
Mutual funds deliver double-digit returns 63,Equity funds outperform as markets gain momentum.,Positive
Mutual fund withdrawals hit record highs 63,Market volatility drives investors to pull their money out.,Negative
Mutual funds adjust strategies amid volatility 63,Fund managers rebalance portfolios in response to market shifts.,Neutral
Fintech startups disrupt traditional banking 64,Innovative solutions attract millions in new investments.,Positive
Major bank hit by data breach 64,Millions of customer records exposed in cybersecurity attack.,Negative
New regulations for cryptocurrency trading announced 64,Authorities seek to bring more stability to digital asset markets.,Neutral
Cryptocurrency adoption grows worldwide 65,More businesses start accepting Bitcoin and Ethereum payments.,Positive
Cryptocurrency market crashes 65,Bitcoin and Ethereum lose over 20% of their value overnight.,Negative
Tech industry sees mixed earnings results 65,Some companies report strong growth while others face challenges.,Neutral
Economy rebounds faster than expected 66,"GDP growth surpasses analyst forecasts, boosting investor morale.",Positive
Economy slows as inflation persists 66,High consumer prices weigh on household spending and growth.,Negative
Economists debate future inflation trends 66,Analysts remain divided on whether price pressures will ease.,Neutral
AI-powered trading gains popularity 67,Machine learning models outperform human traders in stock picking.,Positive
Interest rate hikes trigger housing market slump 67,"Mortgage rates soar, making homeownership unaffordable.",Negative
Financial institutions test new digital payment systems 67,Banks explore blockchain-based solutions for faster transactions.,Neutral
Central bank signals stable monetary policy 68,Steady interest rates boost investor confidence in long-term growth.,Positive
Tech IPOs struggle in weak market 68,Newly listed companies face declining stock prices.,Negative
Government proposes tax reforms for investors 68,New policies aim to attract more participation in capital markets.,Neutral
Green energy stocks soar 69,Investors shift focus to sustainable and renewable energy companies.,Positive
Bankruptcy filings surge among small businesses 69,Economic challenges force thousands of companies to shut down.,Negative
Stock analysts revise market predictions 69,Outlook changes as new economic data becomes available.,Neutral
Strong job market fuels economic optimism 70,Unemployment rates hit historic lows as hiring surges.,Positive
Global chip shortage disrupts supply chains 70,Electronics and automotive industries face production delays.,Negative
Mutual fund investors adopt cautious approach 70,Market uncertainty leads to increased preference for safe assets.,Neutral
Tech giants report record profits 71,Apple and Microsoft lead the charge with strong quarterly earnings.,Positive
Tech sector faces mass layoffs 71,Hundreds of employees lose jobs amid economic slowdown.,Negative
Central bank keeps interest rates unchanged 71,Officials emphasize the need for a balanced economic approach.,Neutral
Stock market rallies after Fed announcement 72,Investors react positively to signals of steady interest rates.,Positive
Stock market plunges amid global recession fears 72,Investors rush to safe assets as uncertainty grows.,Negative
Stock market opens flat as investors assess outlook 72,Market movements remain subdued amid mixed economic signals.,Neutral
Mutual funds deliver double-digit returns 73,Equity funds outperform as markets gain momentum.,Positive
Mutual fund withdrawals hit record highs 73,Market volatility drives investors to pull their money out.,Negative
Mutual funds adjust strategies amid volatility 73,Fund managers rebalance portfolios in response to market shifts.,Neutral
Fintech startups disrupt traditional banking 74,Innovative solutions attract millions in new investments.,Positive
Major bank hit by data breach 74,Millions of customer records exposed in cybersecurity attack.,Negative
New regulations for cryptocurrency trading announced 74,Authorities seek to bring more stability to digital asset markets.,Neutral
Cryptocurrency adoption grows worldwide 75,More businesses start accepting Bitcoin and Ethereum payments.,Positive
Cryptocurrency market crashes 75,Bitcoin and Ethereum lose over 20% of their value overnight.,Negative
Tech industry sees mixed earnings results 75,Some companies report strong growth while others face challenges.,Neutral
Economy rebounds faster than expected 76,"GDP growth surpasses analyst forecasts, boosting investor morale.",Positive
Economy slows as inflation persists 76,High consumer prices weigh on household spending and growth.,Negative
Economists debate future inflation trends 76,Analysts remain divided on whether price pressures will ease.,Neutral
AI-powered trading gains popularity 77,Machine learning models outperform human traders in stock picking.,Positive
Interest rate hikes trigger housing market slump 77,"Mortgage rates soar, making homeownership unaffordable.",Negative
Financial institutions test new digital payment systems 77,Banks explore blockchain-based solutions for faster transactions.,Neutral
Central bank signals stable monetary policy 78,Steady interest rates boost investor confidence in long-term growth.,Positive
Tech IPOs struggle in weak market 78,Newly listed companies face declining stock prices.,Negative
Government proposes tax reforms for investors 78,New policies aim to attract more participation in capital markets.,Neutral
Green energy stocks soar 79,Investors shift focus to sustainable and renewable energy companies.,Positive
Bankruptcy filings surge among small businesses 79,Economic challenges force thousands of companies to shut down.,Negative
Stock analysts revise market predictions 79,Outlook changes as new economic data becomes available.,Neutral
Strong job market fuels economic optimism 80,Unemployment rates hit historic lows as hiring surges.,Positive
Global chip shortage disrupts supply chains 80,Electronics and automotive industries face production delays.,Negative
Mutual fund investors adopt cautious approach 80,Market uncertainty leads to increased preference for safe assets.,Neutral
Tech giants report record profits 81,Apple and Microsoft lead the charge with strong quarterly earnings.,Positive
Tech sector faces mass layoffs 81,Hundreds of employees lose jobs amid economic slowdown.,Negative
Central bank keeps interest rates unchanged 81,Officials emphasize the need for a balanced economic approach.,Neutral
Stock market rallies after Fed announcement 82,Investors react positively to signals of steady interest rates.,Positive
Stock market plunges amid global recession fears 82,Investors rush to safe assets as uncertainty grows.,Negative
Stock market opens flat as investors assess outlook 82,Market movements remain subdued amid mixed economic signals.,Neutral
Mutual funds deliver double-digit returns 83,Equity funds outperform as markets gain momentum.,Positive
Mutual fund withdrawals hit record highs 83,Market volatility drives investors to pull their money out.,Negative
Mutual funds adjust strategies amid volatility 83,Fund managers rebalance portfolios in response to market shifts.,Neutral
Fintech startups disrupt traditional banking 84,Innovative solutions attract millions in new investments.,Positive
Major bank hit by data breach 84,Millions of customer records exposed in cybersecurity attack.,Negative
New regulations for cryptocurrency trading announced 84,Authorities seek to bring more stability to digital asset markets.,Neutral
Cryptocurrency adoption grows worldwide 85,More businesses start accepting Bitcoin and Ethereum payments.,Positive
Cryptocurrency market crashes 85,Bitcoin and Ethereum lose over 20% of their value overnight.,Negative
Tech industry sees mixed earnings results 85,Some companies report strong growth while others face challenges.,Neutral
Economy rebounds faster than expected 86,"GDP growth surpasses analyst forecasts, boosting investor morale.",Positive
Economy slows as inflation persists 86,High consumer prices weigh on household spending and growth.,Negative
Economists debate future inflation trends 86,Analysts remain divided on whether price pressures will ease.,Neutral
AI-powered trading gains popularity 87,Machine learning models outperform human traders in stock picking.,Positive
Interest rate hikes trigger housing market slump 87,"Mortgage rates soar, making homeownership unaffordable.",Negative
Financial institutions test new digital payment systems 87,Banks explore blockchain-based solutions for faster transactions.,Neutral
Central bank signals stable monetary policy 88,Steady interest rates boost investor confidence in long-term growth.,Positive
Tech IPOs struggle in weak market 88,Newly listed companies face declining stock prices.,Negative
Government proposes tax reforms for investors 88,New policies aim to attract more participation in capital markets.,Neutral
Green energy stocks soar 89,Investors shift focus to sustainable and renewable energy companies.,Positive
Bankruptcy filings surge among small businesses 89,Economic challenges force thousands of companies to shut down.,Negative
Stock analysts revise market predictions 89,Outlook changes as new economic data becomes available.,Neutral
Strong job market fuels economic optimism 90,Unemployment rates hit historic lows as hiring surges.,Positive
Global chip shortage disrupts supply chains 90,Electronics and automotive industries face production delays.,Negative
Mutual fund investors adopt cautious approach 90,Market uncertainty leads to increased preference for safe assets.,Neutral
Tech giants report record profits 91,Apple and Microsoft lead the charge with strong quarterly earnings.,Positive
Tech sector faces mass layoffs 91,Hundreds of employees lose jobs amid economic slowdown.,Negative
Central bank keeps interest rates unchanged 91,Officials emphasize the need for a balanced economic approach.,Neutral
Stock market rallies after Fed announcement 92,Investors react positively to signals of steady interest rates.,Positive
Stock market plunges amid global recession fears 92,Investors rush to safe assets as uncertainty grows.,Negative
Stock market opens flat as investors assess outlook 92,Market movements remain subdued amid mixed economic signals.,Neutral
Mutual funds deliver double-digit returns 93,Equity funds outperform as markets gain momentum.,Positive
Mutual fund withdrawals hit record highs 93,Market volatility drives investors to pull their money out.,Negative
Mutual funds adjust strategies amid volatility 93,Fund managers rebalance portfolios in response to market shifts.,Neutral
Fintech startups disrupt traditional banking 94,Innovative solutions attract millions in new investments.,Positive
Major bank hit by data breach 94,Millions of customer records exposed in cybersecurity attack.,Negative
New regulations for cryptocurrency trading announced 94,Authorities seek to bring more stability to digital asset markets.,Neutral
Cryptocurrency adoption grows worldwide 95,More businesses start accepting Bitcoin and Ethereum payments.,Positive
Cryptocurrency market crashes 95,Bitcoin and Ethereum lose over 20% of their value overnight.,Negative
Tech industry sees mixed earnings results 95,Some companies report strong growth while others face challenges.,Neutral
Economy rebounds faster than expected 96,"GDP growth surpasses analyst forecasts, boosting investor morale.",Positive
Economy slows as inflation persists 96,High consumer prices weigh on household spending and growth.,Negative
Economists debate future inflation trends 96,Analysts remain divided on whether price pressures will ease.,Neutral
AI-powered trading gains popularity 97,Machine learning models outperform human traders in stock picking.,Positive
Interest rate hikes trigger housing market slump 97,"Mortgage rates soar, making homeownership unaffordable.",Negative
Financial institutions test new digital payment systems 97,Banks explore blockchain-based solutions for faster transactions.,Neutral
Central bank signals stable monetary policy 98,Steady interest rates boost investor confidence in long-term growth.,Positive
Tech IPOs struggle in weak market 98,Newly listed companies face declining stock prices.,Negative
Government proposes tax reforms for investors 98,New policies aim to attract more participation in capital markets.,Neutral
Green energy stocks soar 99,Investors shift focus to sustainable and renewable energy companies.,Positive
Bankruptcy filings surge among small businesses 99,Economic challenges force thousands of companies to shut down.,Negative
Stock analysts revise market predictions 99,Outlook changes as new economic data becomes available.,Neutral
Strong job market fuels economic optimism 100,Unemployment rates hit historic lows as hiring surges.,Positive
Global chip shortage disrupts supply chains 100,Electronics and automotive industries face production delays.,Negative
Mutual fund investors adopt cautious approach 100,Market uncertainty leads to increased preference for safe assets.,Neutral
Tech giants report record profits 101,Apple and Microsoft lead the charge with strong quarterly earnings.,Positive
Tech sector faces mass layoffs 101,Hundreds of employees lose jobs amid economic slowdown.,Negative
Central bank keeps interest rates unchanged 101,Officials emphasize the need for a balanced economic approach.,Neutral
Stock market rallies after Fed announcement 102,Investors react positively to signals of steady interest rates.,Positive
Stock market plunges amid global recession fears 102,Investors rush to safe assets as uncertainty grows.,Negative
Stock market opens flat as investors assess outlook 102,Market movements remain subdued amid mixed economic signals.,Neutral
Mutual funds deliver double-digit returns 103,Equity funds outperform as markets gain momentum.,Positive
Mutual fund withdrawals hit record highs 103,Market volatility drives investors to pull their money out.,Negative
Mutual funds adjust strategies amid volatility 103,Fund managers rebalance portfolios in response to market shifts.,Neutral
Fintech startups disrupt traditional banking 104,Innovative solutions attract millions in new investments.,Positive
Major bank hit by data breach 104,Millions of customer records exposed in cybersecurity attack.,Negative
New regulations for cryptocurrency trading announced 104,Authorities seek to bring more stability to digital asset markets.,Neutral
Cryptocurrency adoption grows worldwide 105,More businesses start accepting Bitcoin and Ethereum payments.,Positive
Cryptocurrency market crashes 105,Bitcoin and Ethereum lose over 20% of their value overnight.,Negative
Tech industry sees mixed earnings results 105,Some companies report strong growth while others face challenges.,Neutral
Economy rebounds faster than expected 106,"GDP growth surpasses analyst forecasts, boosting investor morale.",Positive
Economy slows as inflation persists 106,High consumer prices weigh on household spending and growth.,Negative
Economists debate future inflation trends 106,Analysts remain divided on whether price pressures will ease.,Neutral
AI-powered trading gains popularity 107,Machine learning models outperform human traders in stock picking.,Positive
Interest rate hikes trigger housing market slump 107,"Mortgage rates soar, making homeownership unaffordable.",Negative
Financial institutions test new digital payment systems 107,Banks explore blockchain-based solutions for faster transactions.,Neutral
Central bank signals stable monetary policy 108,Steady interest rates boost investor confidence in long-term growth.,Positive
Tech IPOs struggle in weak market 108,Newly listed companies face declining stock prices.,Negative
Government proposes tax reforms for investors 108,New policies aim to attract more participation in capital markets.,Neutral
Green energy stocks soar 109,Investors shift focus to sustainable and renewable energy companies.,Positive
Bankruptcy filings surge among small businesses 109,Economic challenges force thousands of companies to shut down.,Negative
Stock analysts revise market predictions 109,Outlook changes as new economic data becomes available.,Neutral
Strong job market fuels economic optimism 110,Unemployment rates hit historic lows as hiring surges.,Positive
Global chip shortage disrupts supply chains 110,Electronics and automotive industries face production delays.,Negative
Mutual fund investors adopt cautious approach 110,Market uncertainty leads to increased preference for safe assets.,Neutral
Tech giants report record profits 111,Apple and Microsoft lead the charge with strong quarterly earnings.,Positive
Tech sector faces mass layoffs 111,Hundreds of employees lose jobs amid economic slowdown.,Negative
Central bank keeps interest rates unchanged 111,Officials emphasize the need for a balanced economic approach.,Neutral
Stock market rallies after Fed announcement 112,Investors react positively to signals of steady interest rates.,Positive
Stock market plunges amid global recession fears 112,Investors rush to safe assets as uncertainty grows.,Negative
Stock market opens flat as investors assess outlook 112,Market movements remain subdued amid mixed economic signals.,Neutral
Mutual funds deliver double-digit returns 113,Equity funds outperform as markets gain momentum.,Positive
Mutual fund withdrawals hit record highs 113,Market volatility drives investors to pull their money out.,Negative
Mutual funds adjust strategies amid volatility 113,Fund managers rebalance portfolios in response to market shifts.,Neutral
Fintech startups disrupt traditional banking 114,Innovative solutions attract millions in new investments.,Positive
Major bank hit by data breach 114,Millions of customer records exposed in cybersecurity attack.,Negative
New regulations for cryptocurrency trading announced 114,Authorities seek to bring more stability to digital asset markets.,Neutral
Cryptocurrency adoption grows worldwide 115,More businesses start accepting Bitcoin and Ethereum payments.,Positive
Cryptocurrency market crashes 115,Bitcoin and Ethereum lose over 20% of their value overnight.,Negative
Tech industry sees mixed earnings results 115,Some companies report strong growth while others face challenges.,Neutral
Economy rebounds faster than expected 116,"GDP growth surpasses analyst forecasts, boosting investor morale.",Positive
Economy slows as inflation persists 116,High consumer prices weigh on household spending and growth.,Negative
Economists debate future inflation trends 116,Analysts remain divided on whether price pressures will ease.,Neutral
AI-powered trading gains popularity 117,Machine learning models outperform human traders in stock picking.,Positive
Interest rate hikes trigger housing market slump 117,"Mortgage rates soar, making homeownership unaffordable.",Negative
Financial institutions test new digital payment systems 117,Banks explore blockchain-based solutions for faster transactions.,Neutral
Central bank signals stable monetary policy 118,Steady interest rates boost investor confidence in long-term growth.,Positive
Tech IPOs struggle in weak market 118,Newly listed companies face declining stock prices.,Negative
Government proposes tax reforms for investors 118,New policies aim to attract more participation in capital markets.,Neutral
Green energy stocks soar 119,Investors shift focus to sustainable and renewable energy companies.,Positive
Bankruptcy filings surge among small businesses 119,Economic challenges force thousands of companies to shut down.,Negative
Stock analysts revise market predictions 119,Outlook changes as new economic data becomes available.,Neutral
Strong job market fuels economic optimism 120,Unemployment rates hit historic lows as hiring surges.,Positive
Global chip shortage disrupts supply chains 120,Electronics and automotive industries face production delays.,Negative
Mutual fund investors adopt cautious approach 120,Market uncertainty leads to increased preference for safe assets.,Neutral
Tech giants report record profits 121,Apple and Microsoft lead the charge with strong quarterly earnings.,Positive
Tech sector faces mass layoffs 121,Hundreds of employees lose jobs amid economic slowdown.,Negative
Central bank keeps interest rates unchanged 121,Officials emphasize the need for a balanced economic approach.,Neutral
Stock market rallies after Fed announcement 122,Investors react positively to signals of steady interest rates.,Positive
Stock market plunges amid global recession fears 122,Investors rush to safe assets as uncertainty grows.,Negative
Stock market opens flat as investors assess outlook 122,Market movements remain subdued amid mixed economic signals.,Neutral
Mutual funds deliver double-digit returns 123,Equity funds outperform as markets gain momentum.,Positive
Mutual fund withdrawals hit record highs 123,Market volatility drives investors to pull their money out.,Negative
Mutual funds adjust strategies amid volatility 123,Fund managers rebalance portfolios in response to market shifts.,Neutral
Fintech startups disrupt traditional banking 124,Innovative solutions attract millions in new investments.,Positive
Major bank hit by data breach 124,Millions of customer records exposed in cybersecurity attack.,Negative
New regulations for cryptocurrency trading announced 124,Authorities seek to bring more stability to digital asset markets.,Neutral
Cryptocurrency adoption grows worldwide 125,More businesses start accepting Bitcoin and Ethereum payments.,Positive
Cryptocurrency market crashes 125,Bitcoin and Ethereum lose over 20% of their value overnight.,Negative
Tech industry sees mixed earnings results 125,Some companies report strong growth while others face challenges.,Neutral
Economy rebounds faster than expected 126,"GDP growth surpasses analyst forecasts, boosting investor morale.",Positive
Economy slows as inflation persists 126,High consumer prices weigh on household spending and growth.,Negative
Economists debate future inflation trends 126,Analysts remain divided on whether price pressures will ease.,Neutral
AI-powered trading gains popularity 127,Machine learning models outperform human traders in stock picking.,Positive
Interest rate hikes trigger housing market slump 127,"Mortgage rates soar, making homeownership unaffordable.",Negative
Financial institutions test new digital payment systems 127,Banks explore blockchain-based solutions for faster transactions.,Neutral
Central bank signals stable monetary policy 128,Steady interest rates boost investor confidence in long-term growth.,Positive
Tech IPOs struggle in weak market 128,Newly listed companies face declining stock prices.,Negative
Government proposes tax reforms for investors 128,New policies aim to attract more participation in capital markets.,Neutral
Green energy stocks soar 129,Investors shift focus to sustainable and renewable energy companies.,Positive
Bankruptcy filings surge among small businesses 129,Economic challenges force thousands of companies to shut down.,Negative
Stock analysts revise market predictions 129,Outlook changes as new economic data becomes available.,Neutral
Strong job market fuels economic optimism 130,Unemployment rates hit historic lows as hiring surges.,Positive
Global chip shortage disrupts supply chains 130,Electronics and automotive industries face production delays.,Negative
Mutual fund investors adopt cautious approach 130,Market uncertainty leads to increased preference for safe assets.,Neutral
Tech giants report record profits 131,Apple and Microsoft lead the charge with strong quarterly earnings.,Positive
Tech sector faces mass layoffs 131,Hundreds of employees lose jobs amid economic slowdown.,Negative
Central bank keeps interest rates unchanged 131,Officials emphasize the need for a balanced economic approach.,Neutral
Stock market rallies after Fed announcement 132,Investors react positively to signals of steady interest rates.,Positive
Stock market plunges amid global recession fears 132,Investors rush to safe assets as uncertainty grows.,Negative
Stock market opens flat as investors assess outlook 132,Market movements remain subdued amid mixed economic signals.,Neutral
Mutual funds deliver double-digit returns 133,Equity funds outperform as markets gain momentum.,Positive
Mutual fund withdrawals hit record highs 133,Market volatility drives investors to pull their money out.,Negative
Mutual funds adjust strategies amid volatility 133,Fund managers rebalance portfolios in response to market shifts.,Neutral
Fintech startups disrupt traditional banking 134,Innovative solutions attract millions in new investments.,Positive
Major bank hit by data breach 134,Millions of customer records exposed in cybersecurity attack.,Negative
New regulations for cryptocurrency trading announced 134,Authorities seek to bring more stability to digital asset markets.,Neutral
Cryptocurrency adoption grows worldwide 135,More businesses start accepting Bitcoin and Ethereum payments.,Positive
Cryptocurrency market crashes 135,Bitcoin and Ethereum lose over 20% of their value overnight.,Negative
Tech industry sees mixed earnings results 135,Some companies report strong growth while others face challenges.,Neutral
Economy rebounds faster than expected 136,"GDP growth surpasses analyst forecasts, boosting investor morale.",Positive
Economy slows as inflation persists 136,High consumer prices weigh on household spending and growth.,Negative
Economists debate future inflation trends 136,Analysts remain divided on whether price pressures will ease.,Neutral
AI-powered trading gains popularity 137,Machine learning models outperform human traders in stock picking.,Positive
Interest rate hikes trigger housing market slump 137,"Mortgage rates soar, making homeownership unaffordable.",Negative
Financial institutions test new digital payment systems 137,Banks explore blockchain-based solutions for faster transactions.,Neutral
Central bank signals stable monetary policy 138,Steady interest rates boost investor confidence in long-term growth.,Positive
Tech IPOs struggle in weak market 138,Newly listed companies face declining stock prices.,Negative
Government proposes tax reforms for investors 138,New policies aim to attract more participation in capital markets.,Neutral
Green energy stocks soar 139,Investors shift focus to sustainable and renewable energy companies.,Positive
Bankruptcy filings surge among small businesses 139,Economic challenges force thousands of companies to shut down.,Negative
Stock analysts revise market predictions 139,Outlook changes as new economic data becomes available.,Neutral
Strong job market fuels economic optimism 140,Unemployment rates hit historic lows as hiring surges.,Positive
Global chip shortage disrupts supply chains 140,Electronics and automotive industries face production delays.,Negative
Mutual fund investors adopt cautious approach 140,Market uncertainty leads to increased preference for safe assets.,Neutral
Tech giants report record profits 141,Apple and Microsoft lead the charge with strong quarterly earnings.,Positive
Tech sector faces mass layoffs 141,Hundreds of employees lose jobs amid economic slowdown.,Negative
Central bank keeps interest rates unchanged 141,Officials emphasize the need for a balanced economic approach.,Neutral
Stock market rallies after Fed announcement 142,Investors react positively to signals of steady interest rates.,Positive
Stock market plunges amid global recession fears 142,Investors rush to safe assets as uncertainty grows.,Negative
Stock market opens flat as investors assess outlook 142,Market movements remain subdued amid mixed economic signals.,Neutral
Mutual funds deliver double-digit returns 143,Equity funds outperform as markets gain momentum.,Positive
Mutual fund withdrawals hit record highs 143,Market volatility drives investors to pull their money out.,Negative
Mutual funds adjust strategies amid volatility 143,Fund managers rebalance portfolios in response to market shifts.,Neutral
Fintech startups disrupt traditional banking 144,Innovative solutions attract millions in new investments.,Positive
Major bank hit by data breach 144,Millions of customer records exposed in cybersecurity attack.,Negative
New regulations for cryptocurrency trading announced 144,Authorities seek to bring more stability to digital asset markets.,Neutral
Cryptocurrency adoption grows worldwide 145,More businesses start accepting Bitcoin and Ethereum payments.,Positive
Cryptocurrency market crashes 145,Bitcoin and Ethereum lose over 20% of their value overnight.,Negative
Tech industry sees mixed earnings results 145,Some companies report strong growth while others face challenges.,Neutral
Economy rebounds faster than expected 146,"GDP growth surpasses analyst forecasts, boosting investor morale.",Positive
Economy slows as inflation persists 146,High consumer prices weigh on household spending and growth.,Negative
Economists debate future inflation trends 146,Analysts remain divided on whether price pressures will ease.,Neutral
AI-powered trading gains popularity 147,Machine learning models outperform human traders in stock picking.,Positive
Interest rate hikes trigger housing market slump 147,"Mortgage rates soar, making homeownership unaffordable.",Negative
Financial institutions test new digital payment systems 147,Banks explore blockchain-based solutions for faster transactions.,Neutral
Central bank signals stable monetary policy 148,Steady interest rates boost investor confidence in long-term growth.,Positive
Tech IPOs struggle in weak market 148,Newly listed companies face declining stock prices.,Negative
Government proposes tax reforms for investors 148,New policies aim to attract more participation in capital markets.,Neutral
Green energy stocks soar 149,Investors shift focus to sustainable and renewable energy companies.,Positive
Bankruptcy filings surge among small businesses 149,Economic challenges force thousands of companies to shut down.,Negative
Stock analysts revise market predictions 149,Outlook changes as new economic data becomes available.,Neutral
Strong job market fuels economic optimism 150,Unemployment rates hit historic lows as hiring surges.,Positive
Global chip shortage disrupts supply chains 150,Electronics and automotive industries face production delays.,Negative
Mutual fund investors adopt cautious approach 150,Market uncertainty leads to increased preference for safe assets.,Neutral
Tech giants report record profits 151,Apple and Microsoft lead the charge with strong quarterly earnings.,Positive
Tech sector faces mass layoffs 151,Hundreds of employees lose jobs amid economic slowdown.,Negative
Central bank keeps interest rates unchanged 151,Officials emphasize the need for a balanced economic approach.,Neutral
Stock market rallies after Fed announcement 152,Investors react positively to signals of steady interest rates.,Positive
Stock market plunges amid global recession fears 152,Investors rush to safe assets as uncertainty grows.,Negative
Stock market opens flat as investors assess outlook 152,Market movements remain subdued amid mixed economic signals.,Neutral
Mutual funds deliver double-digit returns 153,Equity funds outperform as markets gain momentum.,Positive
Mutual fund withdrawals hit record highs 153,Market volatility drives investors to pull their money out.,Negative
Mutual funds adjust strategies amid volatility 153,Fund managers rebalance portfolios in response to market shifts.,Neutral
Fintech startups disrupt traditional banking 154,Innovative solutions attract millions in new investments.,Positive
Major bank hit by data breach 154,Millions of customer records exposed in cybersecurity attack.,Negative
New regulations for cryptocurrency trading announced 154,Authorities seek to bring more stability to digital asset markets.,Neutral
Cryptocurrency adoption grows worldwide 155,More businesses start accepting Bitcoin and Ethereum payments.,Positive
Cryptocurrency market crashes 155,Bitcoin and Ethereum lose over 20% of their value overnight.,Negative
Tech industry sees mixed earnings results 155,Some companies report strong growth while others face challenges.,Neutral
Economy rebounds faster than expected 156,"GDP growth surpasses analyst forecasts, boosting investor morale.",Positive
Economy slows as inflation persists 156,High consumer prices weigh on household spending and growth.,Negative
Economists debate future inflation trends 156,Analysts remain divided on whether price pressures will ease.,Neutral
AI-powered trading gains popularity 157,Machine learning models outperform human traders in stock picking.,Positive
Interest rate hikes trigger housing market slump 157,"Mortgage rates soar, making homeownership unaffordable.",Negative
Financial institutions test new digital payment systems 157,Banks explore blockchain-based solutions for faster transactions.,Neutral
Central bank signals stable monetary policy 158,Steady interest rates boost investor confidence in long-term growth.,Positive
Tech IPOs struggle in weak market 158,Newly listed companies face declining stock prices.,Negative
Government proposes tax reforms for investors 158,New policies aim to attract more participation in capital markets.,Neutral
Green energy stocks soar 159,Investors shift focus to sustainable and renewable energy companies.,Positive
Bankruptcy filings surge among small businesses 159,Economic challenges force thousands of companies to shut down.,Negative
Stock analysts revise market predictions 159,Outlook changes as new economic data becomes available.,Neutral
Strong job market fuels economic optimism 160,Unemployment rates hit historic lows as hiring surges.,Positive
Global chip shortage disrupts supply chains 160,Electronics and automotive industries face production delays.,Negative
Mutual fund investors adopt cautious approach 160,Market uncertainty leads to increased preference for safe assets.,Neutral
Tech giants report record profits 161,Apple and Microsoft lead the charge with strong quarterly earnings.,Positive
Tech sector faces mass layoffs 161,Hundreds of employees lose jobs amid economic slowdown.,Negative
Central bank keeps interest rates unchanged 161,Officials emphasize the need for a balanced economic approach.,Neutral
Stock market rallies after Fed announcement 162,Investors react positively to signals of steady interest rates.,Positive
Stock market plunges amid global recession fears 162,Investors rush to safe assets as uncertainty grows.,Negative
Stock market opens flat as investors assess outlook 162,Market movements remain subdued amid mixed economic signals.,Neutral
Mutual funds deliver double-digit returns 163,Equity funds outperform as markets gain momentum.,Positive
Mutual fund withdrawals hit record highs 163,Market volatility drives investors to pull their money out.,Negative
Mutual funds adjust strategies amid volatility 163,Fund managers rebalance portfolios in response to market shifts.,Neutral
Fintech startups disrupt traditional banking 164,Innovative solutions attract millions in new investments.,Positive
Major bank hit by data breach 164,Millions of customer records exposed in cybersecurity attack.,Negative
New regulations for cryptocurrency trading announced 164,Authorities seek to bring more stability to digital asset markets.,Neutral
Cryptocurrency adoption grows worldwide 165,More businesses start accepting Bitcoin and Ethereum payments.,Positive
Cryptocurrency market crashes 165,Bitcoin and Ethereum lose over 20% of their value overnight.,Negative
Tech industry sees mixed earnings results 165,Some companies report strong growth while others face challenges.,Neutral
Economy rebounds faster than expected 166,"GDP growth surpasses analyst forecasts, boosting investor morale.",Positive
Economy slows as inflation persists 166,High consumer prices weigh on household spending and growth.,Negative
Economists debate future inflation trends 166,Analysts remain divided on whether price pressures will ease.,Neutral
AI-powered trading gains popularity 167,Machine learning models outperform human traders in stock picking.,Positive
Interest rate hikes trigger housing market slump 167,"Mortgage rates soar, making homeownership unaffordable.",Negative
Financial institutions test new digital payment systems 167,Banks explore blockchain-based solutions for faster transactions.,Neutral
Central bank signals stable monetary policy 168,Steady interest rates boost investor confidence in long-term growth.,Positive
Tech IPOs struggle in weak market 168,Newly listed companies face declining stock prices.,Negative
Government proposes tax reforms for investors 168,New policies aim to attract more participation in capital markets.,Neutral
Green energy stocks soar 169,Investors shift focus to sustainable and renewable energy companies.,Positive
Bankruptcy filings surge among small businesses 169,Economic challenges force thousands of companies to shut down.,Negative
Stock analysts revise market predictions 169,Outlook changes as new economic data becomes available.,Neutral
Strong job market fuels economic optimism 170,Unemployment rates hit historic lows as hiring surges.,Positive
Global chip shortage disrupts supply chains 170,Electronics and automotive industries face production delays.,Negative
Mutual fund investors adopt cautious approach 170,Market uncertainty leads to increased preference for safe assets.,Neutral
Tech giants report record profits 171,Apple and Microsoft lead the charge with strong quarterly earnings.,Positive
Tech sector faces mass layoffs 171,Hundreds of employees lose jobs amid economic slowdown.,Negative
Central bank keeps interest rates unchanged 171,Officials emphasize the need for a balanced economic approach.,Neutral
Stock market rallies after Fed announcement 172,Investors react positively to signals of steady interest rates.,Positive
Stock market plunges amid global recession fears 172,Investors rush to safe assets as uncertainty grows.,Negative
Stock market opens flat as investors assess outlook 172,Market movements remain subdued amid mixed economic signals.,Neutral
Mutual funds deliver double-digit returns 173,Equity funds outperform as markets gain momentum.,Positive
Mutual fund withdrawals hit record highs 173,Market volatility drives investors to pull their money out.,Negative
Mutual funds adjust strategies amid volatility 173,Fund managers rebalance portfolios in response to market shifts.,Neutral
Fintech startups disrupt traditional banking 174,Innovative solutions attract millions in new investments.,Positive
Major bank hit by data breach 174,Millions of customer records exposed in cybersecurity attack.,Negative
New regulations for cryptocurrency trading announced 174,Authorities seek to bring more stability to digital asset markets.,Neutral
Cryptocurrency adoption grows worldwide 175,More businesses start accepting Bitcoin and Ethereum payments.,Positive
Cryptocurrency market crashes 175,Bitcoin and Ethereum lose over 20% of their value overnight.,Negative
Tech industry sees mixed earnings results 175,Some companies report strong growth while others face challenges.,Neutral
Economy rebounds faster than expected 176,"GDP growth surpasses analyst forecasts, boosting investor morale.",Positive
Economy slows as inflation persists 176,High consumer prices weigh on household spending and growth.,Negative
Economists debate future inflation trends 176,Analysts remain divided on whether price pressures will ease.,Neutral
AI-powered trading gains popularity 177,Machine learning models outperform human traders in stock picking.,Positive
Interest rate hikes trigger housing market slump 177,"Mortgage rates soar, making homeownership unaffordable.",Negative
Financial institutions test new digital payment systems 177,Banks explore blockchain-based solutions for faster transactions.,Neutral
Central bank signals stable monetary policy 178,Steady interest rates boost investor confidence in long-term growth.,Positive
Tech IPOs struggle in weak market 178,Newly listed companies face declining stock prices.,Negative
Government proposes tax reforms for investors 178,New policies aim to attract more participation in capital markets.,Neutral
Green energy stocks soar 179,Investors shift focus to sustainable and renewable energy companies.,Positive
Bankruptcy filings surge among small businesses 179,Economic challenges force thousands of companies to shut down.,Negative
Stock analysts revise market predictions 179,Outlook changes as new economic data becomes available.,Neutral
Strong job market fuels economic optimism 180,Unemployment rates hit historic lows as hiring surges.,Positive
Global chip shortage disrupts supply chains 180,Electronics and automotive industries face production delays.,Negative
Mutual fund investors adopt cautious approach 180,Market uncertainty leads to increased preference for safe assets.,Neutral
Tech giants report record profits 181,Apple and Microsoft lead the charge with strong quarterly earnings.,Positive
Tech sector faces mass layoffs 181,Hundreds of employees lose jobs amid economic slowdown.,Negative
Central bank keeps interest rates unchanged 181,Officials emphasize the need for a balanced economic approach.,Neutral
Stock market rallies after Fed announcement 182,Investors react positively to signals of steady interest rates.,Positive
Stock market plunges amid global recession fears 182,Investors rush to safe assets as uncertainty grows.,Negative
Stock market opens flat as investors assess outlook 182,Market movements remain subdued amid mixed economic signals.,Neutral
Mutual funds deliver double-digit returns 183,Equity funds outperform as markets gain momentum.,Positive
Mutual fund withdrawals hit record highs 183,Market volatility drives investors to pull their money out.,Negative
Mutual funds adjust strategies amid volatility 183,Fund managers rebalance portfolios in response to market shifts.,Neutral
Fintech startups disrupt traditional banking 184,Innovative solutions attract millions in new investments.,Positive
Major bank hit by data breach 184,Millions of customer records exposed in cybersecurity attack.,Negative
New regulations for cryptocurrency trading announced 184,Authorities seek to bring more stability to digital asset markets.,Neutral
Cryptocurrency adoption grows worldwide 185,More businesses start accepting Bitcoin and Ethereum payments.,Positive
Cryptocurrency market crashes 185,Bitcoin and Ethereum lose over 20% of their value overnight.,Negative
Tech industry sees mixed earnings results 185,Some companies report strong growth while others face challenges.,Neutral
Economy rebounds faster than expected 186,"GDP growth surpasses analyst forecasts, boosting investor morale.",Positive
Economy slows as inflation persists 186,High consumer prices weigh on household spending and growth.,Negative
Economists debate future inflation trends 186,Analysts remain divided on whether price pressures will ease.,Neutral
AI-powered trading gains popularity 187,Machine learning models outperform human traders in stock picking.,Positive
Interest rate hikes trigger housing market slump 187,"Mortgage rates soar, making homeownership unaffordable.",Negative
Financial institutions test new digital payment systems 187,Banks explore blockchain-based solutions for faster transactions.,Neutral
Central bank signals stable monetary policy 188,Steady interest rates boost investor confidence in long-term growth.,Positive
Tech IPOs struggle in weak market 188,Newly listed companies face declining stock prices.,Negative
Government proposes tax reforms for investors 188,New policies aim to attract more participation in capital markets.,Neutral
Green energy stocks soar 189,Investors shift focus to sustainable and renewable energy companies.,Positive
Bankruptcy filings surge among small businesses 189,Economic challenges force thousands of companies to shut down.,Negative
Stock analysts revise market predictions 189,Outlook changes as new economic data becomes available.,Neutral
Strong job market fuels economic optimism 190,Unemployment rates hit historic lows as hiring surges.,Positive
Global chip shortage disrupts supply chains 190,Electronics and automotive industries face production delays.,Negative
Mutual fund investors adopt cautious approach 190,Market uncertainty leads to increased preference for safe assets.,Neutral
Tech giants report record profits 191,Apple and Microsoft lead the charge with strong quarterly earnings.,Positive
Tech sector faces mass layoffs 191,Hundreds of employees lose jobs amid economic slowdown.,Negative
Central bank keeps interest rates unchanged 191,Officials emphasize the need for a balanced economic approach.,Neutral
Stock market rallies after Fed announcement 192,Investors react positively to signals of steady interest rates.,Positive
Stock market plunges amid global recession fears 192,Investors rush to safe assets as uncertainty grows.,Negative
Stock market opens flat as investors assess outlook 192,Market movements remain subdued amid mixed economic signals.,Neutral
Mutual funds deliver double-digit returns 193,Equity funds outperform as markets gain momentum.,Positive
Mutual fund withdrawals hit record highs 193,Market volatility drives investors to pull their money out.,Negative
Mutual funds adjust strategies amid volatility 193,Fund managers rebalance portfolios in response to market shifts.,Neutral
Fintech startups disrupt traditional banking 194,Innovative solutions attract millions in new investments.,Positive
Major bank hit by data breach 194,Millions of customer records exposed in cybersecurity attack.,Negative
New regulations for cryptocurrency trading announced 194,Authorities seek to bring more stability to digital asset markets.,Neutral
Cryptocurrency adoption grows worldwide 195,More businesses start accepting Bitcoin and Ethereum payments.,Positive
Cryptocurrency market crashes 195,Bitcoin and Ethereum lose over 20% of their value overnight.,Negative
Tech industry sees mixed earnings results 195,Some companies report strong growth while others face challenges.,Neutral
Economy rebounds faster than expected 196,"GDP growth surpasses analyst forecasts, boosting investor morale.",Positive
Economy slows as inflation persists 196,High consumer prices weigh on household spending and growth.,Negative
Economists debate future inflation trends 196,Analysts remain divided on whether price pressures will ease.,Neutral
AI-powered trading gains popularity 197,Machine learning models outperform human traders in stock picking.,Positive
Interest rate hikes trigger housing market slump 197,"Mortgage rates soar, making homeownership unaffordable.",Negative
Financial institutions test new digital payment systems 197,Banks explore blockchain-based solutions for faster transactions.,Neutral
Central bank signals stable monetary policy 198,Steady interest rates boost investor confidence in long-term growth.,Positive
Tech IPOs struggle in weak market 198,Newly listed companies face declining stock prices.,Negative
Government proposes tax reforms for investors 198,New policies aim to attract more participation in capital markets.,Neutral
Green energy stocks soar 199,Investors shift focus to sustainable and renewable energy companies.,Positive
Bankruptcy filings surge among small businesses 199,Economic challenges force thousands of companies to shut down.,Negative
Stock analysts revise market predictions 199,Outlook changes as new economic data becomes available.,Neutral
Strong job market fuels economic optimism 200,Unemployment rates hit historic lows as hiring surges.,Positive
Global chip shortage disrupts supply chains 200,Electronics and automotive industries face production delays.,Negative
Mutual fund investors adopt cautious approach 200,Market uncertainty leads to increased preference for safe assets.,Neutral
